DROP TABLE IF EXISTS `bookmarks`;
CREATE TABLE `bookmarks` (`id` INTEGER PRIMARY KEY AUTO_INCREMENT NOT NULL, `url` varchar(255), `created_at` datetime, `updated_at` datetime);
INSERT INTO `bookmarks` VALUES(4,'http://www.cakephp.org','2010-09-26 19:23:11.024167','2010-09-26 23:52:41.747693');
INSERT INTO `bookmarks` VALUES(5,'http://www.google.com','2010-09-26 19:46:18.203535','2010-09-26 19:46:18.203535');
INSERT INTO `bookmarks` VALUES(6,'http://www.macrumors.com/','2010-09-26 20:14:56.619631','2010-09-26 20:14:56.619631');
INSERT INTO `bookmarks` VALUES(7,'http://www.slashdot.com/','2010-09-26 21:34:12.928941','2010-09-26 21:34:12.928941');
INSERT INTO `bookmarks` VALUES(8,'http://planetrubyonrails.com','2010-09-26 21:34:35.590063','2010-09-26 21:34:35.590063');
INSERT INTO `bookmarks` VALUES(9,'http://www.macguardians.com/','2010-09-26 22:42:44.382791','2010-09-26 22:42:44.382791');
INSERT INTO `bookmarks` VALUES(10,'http://planetarion.de','2010-09-26 22:54:17.635119','2010-09-26 22:54:17.635119');
INSERT INTO `bookmarks` VALUES(11,'http://railscasts.com/','2010-09-26 23:44:37.201108','2010-09-26 23:44:37.201108');
INSERT INTO `bookmarks` VALUES(12,'http://rubyonrails.org','2010-09-26 23:44:55.387740','2010-09-26 23:44:55.387740');
INSERT INTO `bookmarks` VALUES(13,'http://travian.com','2010-09-26 23:52:04.369880','2010-09-26 23:52:04.369880');
INSERT INTO `bookmarks` VALUES(17,'http://www.phirnis.de/blog/','2010-09-27 12:05:37.507981','2010-09-27 12:05:37.507981');
INSERT INTO `bookmarks` VALUES(21,'http://www.xlr8yourmac.com/','2010-09-27 23:41:34.115855','2010-09-27 23:41:34.115855');
INSERT INTO `bookmarks` VALUES(22,'http://osx86.co/','2010-09-27 23:42:19.280279','2010-09-27 23:42:19.280279');
INSERT INTO `bookmarks` VALUES(23,'http://macguardians.de','2010-09-27 23:42:38.185165','2010-09-28 01:07:32.170542');
INSERT INTO `bookmarks` VALUES(24,'http://railstutorial.com','2010-09-28 00:36:11.645784','2010-09-28 00:36:11.645784');
INSERT INTO `bookmarks` VALUES(25,'http://www.bing.com','2010-09-28 17:12:49.344169','2010-09-28 17:12:49.344169');
INSERT INTO `bookmarks` VALUES(26,'http://www.ruby-lang.org','2010-09-29 09:40:22.698209','2010-09-29 09:40:22.698209');
DROP TABLE IF EXISTS `schema_migrations`;
CREATE TABLE `schema_migrations` (`version` varchar(255) NOT NULL);
INSERT INTO `schema_migrations` VALUES('20100926184142');
INSERT INTO `schema_migrations` VALUES('20100926190230');
INSERT INTO `schema_migrations` VALUES('20100926190325');
DROP TABLE IF EXISTS `taggings`;
CREATE TABLE `taggings` (`id` INTEGER PRIMARY KEY AUTO_INCREMENT NOT NULL, `bookmark_id` integer, `tag_id` integer, `created_at` datetime, `updated_at` datetime);
INSERT INTO `taggings` VALUES(20,5,18,'2010-09-26 19:46:18.305610','2010-09-26 19:46:18.305610');
INSERT INTO `taggings` VALUES(21,5,19,'2010-09-26 19:46:18.308494','2010-09-26 19:46:18.308494');
INSERT INTO `taggings` VALUES(22,5,20,'2010-09-26 19:46:18.310350','2010-09-26 19:46:18.310350');
INSERT INTO `taggings` VALUES(23,7,21,'2010-09-26 21:34:12.964890','2010-09-26 21:34:12.964890');
INSERT INTO `taggings` VALUES(24,8,22,'2010-09-26 21:34:35.624861','2010-09-26 21:34:35.624861');
INSERT INTO `taggings` VALUES(25,9,23,'2010-09-26 22:42:44.424862','2010-09-26 22:42:44.424862');
INSERT INTO `taggings` VALUES(26,9,24,'2010-09-26 22:42:44.427714','2010-09-26 22:42:44.427714');
INSERT INTO `taggings` VALUES(27,9,25,'2010-09-26 22:42:44.429610','2010-09-26 22:42:44.429610');
INSERT INTO `taggings` VALUES(28,10,26,'2010-09-26 22:54:17.748079','2010-09-26 22:54:17.748079');
INSERT INTO `taggings` VALUES(29,10,27,'2010-09-26 22:54:17.753096','2010-09-26 22:54:17.753096');
INSERT INTO `taggings` VALUES(30,10,28,'2010-09-26 22:54:17.755993','2010-09-26 22:54:17.755993');
INSERT INTO `taggings` VALUES(31,11,29,'2010-09-26 23:44:37.240356','2010-09-26 23:44:37.240356');
INSERT INTO `taggings` VALUES(32,11,30,'2010-09-26 23:44:37.243187','2010-09-26 23:44:37.243187');
INSERT INTO `taggings` VALUES(33,11,31,'2010-09-26 23:44:37.245109','2010-09-26 23:44:37.245109');
INSERT INTO `taggings` VALUES(34,12,32,'2010-09-26 23:44:55.502769','2010-09-26 23:44:55.502769');
INSERT INTO `taggings` VALUES(35,12,33,'2010-09-26 23:44:55.505973','2010-09-26 23:44:55.505973');
INSERT INTO `taggings` VALUES(36,12,29,'2010-09-26 23:44:55.508055','2010-09-26 23:44:55.508055');
INSERT INTO `taggings` VALUES(37,12,34,'2010-09-26 23:44:55.510052','2010-09-26 23:44:55.510052');
INSERT INTO `taggings` VALUES(38,12,35,'2010-09-26 23:44:55.511906','2010-09-26 23:44:55.511906');
INSERT INTO `taggings` VALUES(39,13,14,'2010-09-26 23:52:04.404211','2010-09-26 23:52:04.404211');
INSERT INTO `taggings` VALUES(40,13,15,'2010-09-26 23:52:04.407467','2010-09-26 23:52:04.407467');
INSERT INTO `taggings` VALUES(41,13,17,'2010-09-26 23:52:04.409425','2010-09-26 23:52:04.409425');
INSERT INTO `taggings` VALUES(42,13,16,'2010-09-26 23:52:04.411204','2010-09-26 23:52:04.411204');
INSERT INTO `taggings` VALUES(43,4,34,'2010-09-26 23:52:41.872576','2010-09-26 23:52:41.872576');
INSERT INTO `taggings` VALUES(44,4,35,'2010-09-26 23:52:41.875371','2010-09-26 23:52:41.875371');
INSERT INTO `taggings` VALUES(45,4,36,'2010-09-26 23:52:41.877412','2010-09-26 23:52:41.877412');
INSERT INTO `taggings` VALUES(46,4,37,'2010-09-26 23:52:41.879463','2010-09-26 23:52:41.879463');
INSERT INTO `taggings` VALUES(48,4,39,'2010-09-26 23:52:55.921905','2010-09-26 23:52:55.921905');
INSERT INTO `taggings` VALUES(53,17,43,'2010-09-27 12:05:37.683424','2010-09-27 12:05:37.683424');
INSERT INTO `taggings` VALUES(54,17,44,'2010-09-27 12:05:37.686726','2010-09-27 12:05:37.686726');
INSERT INTO `taggings` VALUES(55,17,45,'2010-09-27 12:05:37.689143','2010-09-27 12:05:37.689143');
INSERT INTO `taggings` VALUES(56,17,46,'2010-09-27 12:05:37.691496','2010-09-27 12:05:37.691496');
INSERT INTO `taggings` VALUES(57,17,47,'2010-09-27 12:05:37.695632','2010-09-27 12:05:37.695632');
INSERT INTO `taggings` VALUES(58,17,48,'2010-09-27 12:05:37.698275','2010-09-27 12:05:37.698275');
INSERT INTO `taggings` VALUES(61,21,25,'2010-09-27 23:41:34.194623','2010-09-27 23:41:34.194623');
INSERT INTO `taggings` VALUES(62,21,50,'2010-09-27 23:41:34.197900','2010-09-27 23:41:34.197900');
INSERT INTO `taggings` VALUES(63,22,51,'2010-09-27 23:42:19.321230','2010-09-27 23:42:19.321230');
INSERT INTO `taggings` VALUES(65,22,53,'2010-09-27 23:42:19.325747','2010-09-27 23:42:19.325747');
INSERT INTO `taggings` VALUES(66,22,25,'2010-09-27 23:42:19.327827','2010-09-27 23:42:19.327827');
INSERT INTO `taggings` VALUES(71,24,29,'2010-09-28 00:36:11.751712','2010-09-28 00:36:11.751712');
INSERT INTO `taggings` VALUES(72,24,54,'2010-09-28 00:36:11.754600','2010-09-28 00:36:11.754600');
INSERT INTO `taggings` VALUES(73,4,55,'2010-09-28 00:55:55.445196','2010-09-28 00:55:55.445196');
INSERT INTO `taggings` VALUES(74,4,29,'2010-09-28 00:55:55.447994','2010-09-28 00:55:55.447994');
INSERT INTO `taggings` VALUES(75,7,24,'2010-09-28 01:07:43.547389','2010-09-28 01:07:43.547389');
INSERT INTO `taggings` VALUES(76,22,56,'2010-09-28 16:15:09.173374','2010-09-28 16:15:09.173374');
INSERT INTO `taggings` VALUES(81,23,61,'2010-09-28 17:09:34.658711','2010-09-28 17:09:34.658711');
INSERT INTO `taggings` VALUES(82,23,62,'2010-09-28 17:09:34.661139','2010-09-28 17:09:34.661139');
INSERT INTO `taggings` VALUES(83,25,63,'2010-09-28 17:12:49.351147','2010-09-28 17:12:49.351147');
INSERT INTO `taggings` VALUES(84,25,64,'2010-09-28 17:12:49.354055','2010-09-28 17:12:49.354055');
INSERT INTO `taggings` VALUES(85,25,18,'2010-09-28 17:13:02.493555','2010-09-28 17:13:02.493555');
INSERT INTO `taggings` VALUES(86,8,65,'2010-09-29 09:39:49.680639','2010-09-29 09:39:49.680639');
INSERT INTO `taggings` VALUES(87,8,66,'2010-09-29 09:39:49.684263','2010-09-29 09:39:49.684263');
INSERT INTO `taggings` VALUES(88,26,33,'2010-09-29 09:40:22.731305','2010-09-29 09:40:22.731305');
INSERT INTO `taggings` VALUES(89,26,67,'2010-09-29 09:40:22.734007','2010-09-29 09:40:22.734007');
DROP TABLE IF EXISTS `tags`;
CREATE TABLE `tags` (`id` INTEGER PRIMARY KEY AUTO_INCREMENT NOT NULL, `name` varchar(255), `created_at` datetime, `updated_at` datetime);
INSERT INTO `tags` VALUES(14,'browser','2010-09-26 19:23:16.667925','2010-09-26 19:23:16.667925');
INSERT INTO `tags` VALUES(15,'game','2010-09-26 19:23:16.670856','2010-09-26 19:23:16.670856');
INSERT INTO `tags` VALUES(16,'timesink','2010-09-26 19:23:16.672876','2010-09-26 19:23:16.672876');
INSERT INTO `tags` VALUES(17,'sucks very much','2010-09-26 19:23:37.091403','2010-09-26 19:23:37.091403');
INSERT INTO `tags` VALUES(18,'search engine','2010-09-26 19:46:18.218992','2010-09-26 19:46:18.218992');
INSERT INTO `tags` VALUES(19,'search','2010-09-26 19:46:18.221911','2010-09-26 19:46:18.221911');
INSERT INTO `tags` VALUES(20,'engine','2010-09-26 19:46:18.224362','2010-09-26 19:46:18.224362');
INSERT INTO `tags` VALUES(21,'/.','2010-09-26 21:34:12.947963','2010-09-26 21:34:12.947963');
INSERT INTO `tags` VALUES(22,'Planet Ruby on Rails','2010-09-26 21:34:35.607446','2010-09-26 21:34:35.607446');
INSERT INTO `tags` VALUES(23,'archive','2010-09-26 22:42:44.401254','2010-09-26 22:42:44.401254');
INSERT INTO `tags` VALUES(24,'news','2010-09-26 22:42:44.405010','2010-09-26 22:42:44.405010');
INSERT INTO `tags` VALUES(25,'mac','2010-09-26 22:42:44.407902','2010-09-26 22:42:44.407902');
INSERT INTO `tags` VALUES(26,'old','2010-09-26 22:54:17.652262','2010-09-26 22:54:17.652262');
INSERT INTO `tags` VALUES(27,'browser game','2010-09-26 22:54:17.655656','2010-09-26 22:54:17.655656');
INSERT INTO `tags` VALUES(28,'time sink','2010-09-26 22:54:17.659002','2010-09-26 22:54:17.659002');
INSERT INTO `tags` VALUES(29,'rails','2010-09-26 23:44:37.217509','2010-09-26 23:44:37.217509');
INSERT INTO `tags` VALUES(30,'screen','2010-09-26 23:44:37.220687','2010-09-26 23:44:37.220687');
INSERT INTO `tags` VALUES(31,'casts','2010-09-26 23:44:37.223269','2010-09-26 23:44:37.223269');
INSERT INTO `tags` VALUES(32,'ruby on rails','2010-09-26 23:44:55.473169','2010-09-26 23:44:55.473169');
INSERT INTO `tags` VALUES(33,'ruby','2010-09-26 23:44:55.477083','2010-09-26 23:44:55.477083');
INSERT INTO `tags` VALUES(34,'web','2010-09-26 23:44:55.481080','2010-09-26 23:44:55.481080');
INSERT INTO `tags` VALUES(35,'framework','2010-09-26 23:44:55.483933','2010-09-26 23:44:55.483933');
INSERT INTO `tags` VALUES(36,'great','2010-09-26 23:52:41.841088','2010-09-26 23:52:41.841088');
INSERT INTO `tags` VALUES(37,'documentation','2010-09-26 23:52:41.844539','2010-09-26 23:52:41.844539');
INSERT INTO `tags` VALUES(38,'php sucks','2010-09-26 23:52:41.847483','2010-09-26 23:52:41.847483');
INSERT INTO `tags` VALUES(39,'php is kinda weak','2010-09-26 23:52:55.835084','2010-09-26 23:52:55.835084');
INSERT INTO `tags` VALUES(40,'abc','2010-09-27 10:27:10.349693','2010-09-27 10:27:10.349693');
INSERT INTO `tags` VALUES(41,'last','2010-09-27 10:28:30.934843','2010-09-27 10:28:30.934843');
INSERT INTO `tags` VALUES(42,'one','2010-09-27 10:28:30.939260','2010-09-27 10:28:30.939260');
INSERT INTO `tags` VALUES(43,'Phirnis','2010-09-27 12:05:37.569188','2010-09-27 12:05:37.569188');
INSERT INTO `tags` VALUES(44,'Music','2010-09-27 12:05:37.573198','2010-09-27 12:05:37.573198');
INSERT INTO `tags` VALUES(45,'Noise','2010-09-27 12:05:37.579645','2010-09-27 12:05:37.579645');
INSERT INTO `tags` VALUES(46,'Ambient','2010-09-27 12:05:37.582599','2010-09-27 12:05:37.582599');
INSERT INTO `tags` VALUES(47,'Dub','2010-09-27 12:05:37.585293','2010-09-27 12:05:37.585293');
INSERT INTO `tags` VALUES(48,'Avantgarde','2010-09-27 12:05:37.588119','2010-09-27 12:05:37.588119');
INSERT INTO `tags` VALUES(49,'hehe','2010-09-27 16:37:32.746485','2010-09-27 16:37:32.746485');
INSERT INTO `tags` VALUES(50,'faster','2010-09-27 23:41:34.176827','2010-09-27 23:41:34.176827');
INSERT INTO `tags` VALUES(51,'infinite mac','2010-09-27 23:42:19.297165','2010-09-27 23:42:19.297165');
INSERT INTO `tags` VALUES(52,'osx86','2010-09-27 23:42:19.300675','2010-09-27 23:42:19.300675');
INSERT INTO `tags` VALUES(53,'hackintosh','2010-09-27 23:42:19.303310','2010-09-27 23:42:19.303310');
INSERT INTO `tags` VALUES(54,'tutorial','2010-09-28 00:36:11.733491','2010-09-28 00:36:11.733491');
INSERT INTO `tags` VALUES(55,'is like rails','2010-09-28 00:55:55.425467','2010-09-28 00:55:55.425467');
INSERT INTO `tags` VALUES(56,'oSx86','2010-09-28 16:15:09.071157','2010-09-28 16:15:09.071157');
INSERT INTO `tags` VALUES(57,'test','2010-09-28 16:32:22.906084','2010-09-28 16:32:22.906084');
INSERT INTO `tags` VALUES(58,'this','2010-09-28 16:32:22.909545','2010-09-28 16:32:22.909545');
INSERT INTO `tags` VALUES(59,'works','2010-09-28 16:32:32.756411','2010-09-28 16:32:32.756411');
INSERT INTO `tags` VALUES(60,'too','2010-09-28 16:32:32.759853','2010-09-28 16:32:32.759853');
INSERT INTO `tags` VALUES(61,'fun','2010-09-28 17:09:34.619857','2010-09-28 17:09:34.619857');
INSERT INTO `tags` VALUES(62,'thing','2010-09-28 17:09:34.638849','2010-09-28 17:09:34.638849');
INSERT INTO `tags` VALUES(63,'Search','2010-09-28 17:12:49.318230','2010-09-28 17:12:49.318230');
INSERT INTO `tags` VALUES(64,'Microsoft','2010-09-28 17:12:49.324453','2010-09-28 17:12:49.324453');
INSERT INTO `tags` VALUES(65,'Ruby','2010-09-29 09:39:49.639366','2010-09-29 09:39:49.639366');
INSERT INTO `tags` VALUES(66,'Code','2010-09-29 09:39:49.654944','2010-09-29 09:39:49.654944');
INSERT INTO `tags` VALUES(67,'code','2010-09-29 09:40:22.714355','2010-09-29 09:40:22.714355');
CREATE UNIQUE INDEX `unique_schema_migrations` ON `schema_migrations` (`version`);
